outcome,proportion_positive
bpd_any,0.30677494878548434
ivh_any,0.3122622183201639
nec_any,0.1055019022534387
rop_any,0.41893473807433423
