outcome,proportion_positive
bpd_any,0.09063065571488237
ivh_any,0.16859251009327578
nec_any,0.03522205206738132
rop_any,0.1974105526938605
